S.No,candidateID,universityRollNo,candidatePublicID ,Candidate Name,College Name,Subject,English  %,Quans %,Logical %,Group
1,4384960,11161400001,31161400001,Aarthi P,RMKCET,CSE,66,39,57,G1
2,4380746,11161400002,31161400002,Adhilroshan Na,RMKCET,CSE,57,72,59,G1
3,4380759,11161400003,31161400003,Akash T,RMKCET,CSE,68,56,48,G1
4,4384825,11161400004,31161400004,Ashwitha Mohanraj,RMKCET,CSE,63,28,61,G1
5,4384942,11161400005,31161400005,Bellam Sai Kishan,RMKCET,CSE,59,48,53,G1
6,4384978,11161400006,31161400006,Bhuvaneshwari S,RMKCET,CSE,62,46,53,G1
7,4384988,11161400007,31161400007,Dipikaa S,RMKCET,CSE,54,36,57,G1
8,5013170,11161400008,31161400008,Dhinesh Kumar K,RMKCET,CSE,58,56,52,G1
9,4384981,11161400009,31161400009,Dinesh Kumar Krishna Kumar,RMKCET,CSE,53,43,57,G1
10,4380616,11161400010,31161400010,Saiteja Dondeti,RMKCET,CSE,59,59,63,G1
11,4384936,11161400011,31161400011,Gokulnath C,RMKCET,CSE,71,48,59,G1
12,4384872,11161400012,31161400012,Hamrutha B,RMKCET,CSE,54,54,59,G1
13,4384965,11161400013,31161400013,Iruvuri Bhargav Ram,RMKCET,CSE,56,32,59,G1
14,4384874,11161400014,31161400014,Chandana Jampala,RMKCET,CSE,57,58,63,G1
15,4384879,11161400015,31161400015,Janani S,RMKCET,CSE,56,64,62,G1
16,4384940,11161400016,31161400016,Jivahan S,RMKCET,CSE,57,51,59,G1
17,4385038,11161400017,31161400017,Kalimi Mahesh Kumar Reddy,RMKCET,CSE,57,44,55,G1
18,4384958,11161400018,31161400018,Kaushik L,RMKCET,CSE,51,54,56,G1
19,4384847,11161400019,31161400019,Keethana G,RMKCET,CSE,52,56,59,G1
20,4384971,11161400020,31161400020,Lakshmi M,RMKCET,CSE,71,41,60,G1
